film_adi,url
ziri_cin_3,https://youtu.be/UFeAxDDBygo
takintilar,https://youtu.be/4fy5EOR11jI
on_saniye,https://youtu.be/bJW1TV8XiXY
leydi_di,https://youtu.be/_WOBQKGoEqE
lanetli_kitap,https://youtu.be/cBZrSEJJyF8
hicbir_sey_yerinde_degil,https://youtu.be/fq5UQlr5cBw
hain,https://youtu.be/NOldGLyI7eg
gelin_takimi,https://youtu.be/rxYeiMDoFxs
evcilik,https://youtu.be/mARpCNhwUFE
dunya_varmis,https://youtu.be/HtdMkTifS1w
cilgin_dersane_5updated,https://youtu.be/jf2xOL5cJ_c
cakallarla_dans7,https://youtu.be/UBUuQXagAOc
barda,https://youtu.be/1apiCtSF9CI
baba_beni_guldursene,https://youtu.be/yTPTtxtcg3E
asu,https://youtu.be/iWLf9B_3TUU
39_derecede_ask,https://youtu.be/aN75XsYKMpc
0000_kilometre,https://youtu.be/0jut0e2NwH0
yuzdeyuz_kurt,https://youtu.be/VQ79eIKvGA8
yeniden_baslamak,https://youtu.be/ClRBXjYd5NY
yurt,https://youtu.be/e5TXifjg2JU
yasam_kocu,https://youtu.be/huL7tHA3mPM
yakamoz,https://youtu.be/sB0ox1GCfOA
veda_partisi,https://youtu.be/K7OSa9reqjg
uj_bej_harfliler,https://youtu.be/eF537IVKLTY
tezgah,https://youtu.be/fGa8nW6QnpQ
son_bir_tatil,https://youtu.be/i27fRhn29RE
hircin_kiz,https://youtu.be/4g57hq2B6FE
sen_buyumeye_bak,https://youtu.be/_HEICXBogEo
sekiz1,https://youtu.be/iy8by5MJfOA
reel_istanbul_organize,https://youtu.be/W9X1WOrUs84
mahserin_uc_delisi,https://youtu.be/ig_EcWyS3rM
kopru,https://youtu.be/wWUpLui4xbE
koparan_kardesler,https://youtu.be/kn4CDzElMWU
karanliktan_kacis,https://youtu.be/q0ya3fs5UcE
karanligin_ofkesi,https://youtu.be/JieLeO8DTpc
kar_masali,https://youtu.be/Bt85VwWNPI4
kampta,https://youtu.be/Liq4YMUkid4
insaat,https://youtu.be/24y_CEZtzis
illegal_ask,https://youtu.be/RKbRXv8FLsw
her_sey_cok_guzel_olacak,https://youtu.be/BDEOHJspMbY
her_renkte_ask,https://youtu.be/Guil1uwY-ZE
gecenin_nakarati,https://youtu.be/T7rr9o1DwLk
fena_halde_fiorella,https://youtu.be/HgrIH4GRV5Y
dunyada_oyle_seyler_olmuyor,https://youtu.be/dSCj26GnBVM
domates_biber_depresyon,https://youtu.be/Fx5p_0evn3g
daha_iyi_bir yarin,https://youtu.be/c218KUGvQfQ
cam_kavanoz,https://youtu.be/EZVKUxIdERQ
aci_kahve,https://youtu.be/HItMz2sreI4
